{"cameraMode":{"drawMode":0,"name":"Shaded","section":"Shading Mode"},"sceneLighting":true,"audioPlay":false,"sceneViewState":{"m_AlwaysRefresh":false,"showFog":true,"showSkybox":true,"showFlares":true,"showImageEffects":true,"showParticleSystems":true,"showVisualEffectGraphs":true,"m_FxEnabled":true},"in2DMode":false,"pivot":{"x":1.0572699308395386,"y":-1.664428472518921,"z":8.310641288757325},"rotation":{"x":0.15974049270153047,"y":-0.06946683675050736,"z":0.011296145617961884,"w":0.9847778677940369},"size":7.071067810058594,"orthographic":false}